Indicador,Nombre Indicador,Clave área geográfica,Entidad,Municipio,Periodo,Valor
6207061409,IGAE. Índice de volumen físico base 2013=100. Total,0700,Estados Unidos Mexicanos,Estados Unidos Mexicanos,2022/07,111.2745518323
6207061409,IGAE. Índice de volumen físico base 2013=100. Total,0700,Estados Unidos Mexicanos,Estados Unidos Mexicanos,2022/06,112.7975010612
6207061409,IGAE. Índice de volumen físico base 2013=100. Total,0700,Estados Unidos Mexicanos,Estados Unidos Mexicanos,2022/05,114.4424238001
6207061409,IGAE. Índice de volumen físico base 2013=100. Total,0700,Estados Unidos Mexicanos,Estados Unidos Mexicanos,2022/04,109.5298658946
6207061409,IGAE. Índice de volumen físico base 2013=100. Total,0700,Estados Unidos Mexicanos,Estados Unidos Mexicanos,2022/03,111.9401522668
6207061409,IGAE. Índice de volumen físico base 2013=100. Total,0700,Estados Unidos Mexicanos,Estados Unidos Mexicanos,2022/02,105.2311790249
6207061409,IGAE. Índice de volumen físico base 2013=100. Total,0700,Estados Unidos Mexicanos,Estados Unidos Mexicanos,2022/01,107.2873035436
6207061409,IGAE. Índice de volumen físico base 2013=100. Total,0700,Estados Unidos Mexicanos,Estados Unidos Mexicanos,2021/12,112.3078876771
6207061409,IGAE. Índice de volumen físico base 2013=100. Total,0700,Estados Unidos Mexicanos,Estados Unidos Mexicanos,2021/11,112.9378616693
6207061409,IGAE. Índice de volumen físico base 2013=100. Total,0700,Estados Unidos Mexicanos,Estados Unidos Mexicanos,2021/10,108.4628264752
6207061409,IGAE. Índice de volumen físico base 2013=100. Total,0700,Estados Unidos Mexicanos,Estados Unidos Mexicanos,2021/09,104.2254745273
6207061409,IGAE. Índice de volumen físico base 2013=100. Total,0700,Estados Unidos Mexicanos,Estados Unidos Mexicanos,2021/08,107.2195084527
6207061409,IGAE. Índice de volumen físico base 2013=100. Total,0700,Estados Unidos Mexicanos,Estados Unidos Mexicanos,2021/07,109.8778508634
6207061409,IGAE. Índice de volumen físico base 2013=100. Total,0700,Estados Unidos Mexicanos,Estados Unidos Mexicanos,2021/06,111.1712750535
6207061409,IGAE. Índice de volumen físico base 2013=100. Total,0700,Estados Unidos Mexicanos,Estados Unidos Mexicanos,2021/05,112.0640489149
6207061409,IGAE. Índice de volumen físico base 2013=100. Total,0700,Estados Unidos Mexicanos,Estados Unidos Mexicanos,2021/04,108.0704416353
6207061409,IGAE. Índice de volumen físico base 2013=100. Total,0700,Estados Unidos Mexicanos,Estados Unidos Mexicanos,2021/03,111.5311399687
6207061409,IGAE. Índice de volumen físico base 2013=100. Total,0700,Estados Unidos Mexicanos,Estados Unidos Mexicanos,2021/02,102.6662642738
6207061409,IGAE. Índice de volumen físico base 2013=100. Total,0700,Estados Unidos Mexicanos,Estados Unidos Mexicanos,2021/01,105.3567357466
6207061409,IGAE. Índice de volumen físico base 2013=100. Total,0700,Estados Unidos Mexicanos,Estados Unidos Mexicanos,2020/12,110.8489777115
6207061409,IGAE. Índice de volumen físico base 2013=100. Total,0700,Estados Unidos Mexicanos,Estados Unidos Mexicanos,2020/11,111.0657844326
6207061409,IGAE. Índice de volumen físico base 2013=100. Total,0700,Estados Unidos Mexicanos,Estados Unidos Mexicanos,2020/10,109.2701951606
6207061409,IGAE. Índice de volumen físico base 2013=100. Total,0700,Estados Unidos Mexicanos,Estados Unidos Mexicanos,2020/09,103.3683933883
6207061409,IGAE. Índice de volumen físico base 2013=100. Total,0700,Estados Unidos Mexicanos,Estados Unidos Mexicanos,2020/08,102.7420281747
6207061409,IGAE. Índice de volumen físico base 2013=100. Total,0700,Estados Unidos Mexicanos,Estados Unidos Mexicanos,2020/07,102.3709949105
6207061409,IGAE. Índice de volumen físico base 2013=100. Total,0700,Estados Unidos Mexicanos,Estados Unidos Mexicanos,2020/06,97.9282927059
6207061409,IGAE. Índice de volumen físico base 2013=100. Total,0700,Estados Unidos Mexicanos,Estados Unidos Mexicanos,2020/05,89.0051368542
6207061409,IGAE. Índice de volumen físico base 2013=100. Total,0700,Estados Unidos Mexicanos,Estados Unidos Mexicanos,2020/04,88.2738074134
6207061409,IGAE. Índice de volumen físico base 2013=100. Total,0700,Estados Unidos Mexicanos,Estados Unidos Mexicanos,2020/03,110.0365786299
6207061409,IGAE. Índice de volumen físico base 2013=100. Total,0700,Estados Unidos Mexicanos,Estados Unidos Mexicanos,2020/02,108.8591688271
6207061409,IGAE. Índice de volumen físico base 2013=100. Total,0700,Estados Unidos Mexicanos,Estados Unidos Mexicanos,2020/01,112.3621592344
6207061409,IGAE. Índice de volumen físico base 2013=100. Total,0700,Estados Unidos Mexicanos,Estados Unidos Mexicanos,2019/12,113.3895246795
6207061409,IGAE. Índice de volumen físico base 2013=100. Total,0700,Estados Unidos Mexicanos,Estados Unidos Mexicanos,2019/11,116.2862303703
6207061409,IGAE. Índice de volumen físico base 2013=100. Total,0700,Estados Unidos Mexicanos,Estados Unidos Mexicanos,2019/10,115.370367726
6207061409,IGAE. Índice de volumen físico base 2013=100. Total,0700,Estados Unidos Mexicanos,Estados Unidos Mexicanos,2019/09,108.8574969971
6207061409,IGAE. Índice de volumen físico base 2013=100. Total,0700,Estados Unidos Mexicanos,Estados Unidos Mexicanos,2019/08,113.2320701971
6207061409,IGAE. Índice de volumen físico base 2013=100. Total,0700,Estados Unidos Mexicanos,Estados Unidos Mexicanos,2019/07,113.3721488239
6207061409,IGAE. Índice de volumen físico base 2013=100. Total,0700,Estados Unidos Mexicanos,Estados Unidos Mexicanos,2019/06,112.8242856002
6207061409,IGAE. Índice de volumen físico base 2013=100. Total,0700,Estados Unidos Mexicanos,Estados Unidos Mexicanos,2019/05,115.2343247383
6207061409,IGAE. Índice de volumen físico base 2013=100. Total,0700,Estados Unidos Mexicanos,Estados Unidos Mexicanos,2019/04,109.808435436
6207061409,IGAE. Índice de volumen físico base 2013=100. Total,0700,Estados Unidos Mexicanos,Estados Unidos Mexicanos,2019/03,112.2782357078
6207061409,IGAE. Índice de volumen físico base 2013=100. Total,0700,Estados Unidos Mexicanos,Estados Unidos Mexicanos,2019/02,108.8312350148
6207061409,IGAE. Índice de volumen físico base 2013=100. Total,0700,Estados Unidos Mexicanos,Estados Unidos Mexicanos,2019/01,112.5139036166
6207061409,IGAE. Índice de volumen físico base 2013=100. Total,0700,Estados Unidos Mexicanos,Estados Unidos Mexicanos,2018/12,113.0955528723
6207061409,IGAE. Índice de volumen físico base 2013=100. Total,0700,Estados Unidos Mexicanos,Estados Unidos Mexicanos,2018/11,117.7194403233
6207061409,IGAE. Índice de volumen físico base 2013=100. Total,0700,Estados Unidos Mexicanos,Estados Unidos Mexicanos,2018/10,115.9594584715
6207061409,IGAE. Índice de volumen físico base 2013=100. Total,0700,Estados Unidos Mexicanos,Estados Unidos Mexicanos,2018/09,108.7677490422
6207061409,IGAE. Índice de volumen físico base 2013=100. Total,0700,Estados Unidos Mexicanos,Estados Unidos Mexicanos,2018/08,114.3266642144
6207061409,IGAE. Índice de volumen físico base 2013=100. Total,0700,Estados Unidos Mexicanos,Estados Unidos Mexicanos,2018/07,112.8039937469
6207061409,IGAE. Índice de volumen físico base 2013=100. Total,0700,Estados Unidos Mexicanos,Estados Unidos Mexicanos,2018/06,114.446678512
6207061409,IGAE. Índice de volumen físico base 2013=100. Total,0700,Estados Unidos Mexicanos,Estados Unidos Mexicanos,2018/05,115.8296435926
6207061409,IGAE. Índice de volumen físico base 2013=100. Total,0700,Estados Unidos Mexicanos,Estados Unidos Mexicanos,2018/04,111.6044876883
6207061409,IGAE. Índice de volumen físico base 2013=100. Total,0700,Estados Unidos Mexicanos,Estados Unidos Mexicanos,2018/03,111.201252989
6207061409,IGAE. Índice de volumen físico base 2013=100. Total,0700,Estados Unidos Mexicanos,Estados Unidos Mexicanos,2018/02,107.8140543459
6207061409,IGAE. Índice de volumen físico base 2013=100. Total,0700,Estados Unidos Mexicanos,Estados Unidos Mexicanos,2018/01,111.0174522205
6207061409,IGAE. Índice de volumen físico base 2013=100. Total,0700,Estados Unidos Mexicanos,Estados Unidos Mexicanos,2017/12,114.000994501
6207061409,IGAE. Índice de volumen físico base 2013=100. Total,0700,Estados Unidos Mexicanos,Estados Unidos Mexicanos,2017/11,116.1806764848
6207061409,IGAE. Índice de volumen físico base 2013=100. Total,0700,Estados Unidos Mexicanos,Estados Unidos Mexicanos,2017/10,112.8492345055
6207061409,IGAE. Índice de volumen físico base 2013=100. Total,0700,Estados Unidos Mexicanos,Estados Unidos Mexicanos,2017/09,106.322341775
6207061409,IGAE. Índice de volumen físico base 2013=100. Total,0700,Estados Unidos Mexicanos,Estados Unidos Mexicanos,2017/08,111.7700625057
6207061409,IGAE. Índice de volumen físico base 2013=100. Total,0700,Estados Unidos Mexicanos,Estados Unidos Mexicanos,2017/07,108.9544603311
6207061409,IGAE. Índice de volumen físico base 2013=100. Total,0700,Estados Unidos Mexicanos,Estados Unidos Mexicanos,2017/06,112.7963830072
6207061409,IGAE. Índice de volumen físico base 2013=100. Total,0700,Estados Unidos Mexicanos,Estados Unidos Mexicanos,2017/05,112.3023540845
6207061409,IGAE. Índice de volumen físico base 2013=100. Total,0700,Estados Unidos Mexicanos,Estados Unidos Mexicanos,2017/04,106.200744347
6207061409,IGAE. Índice de volumen físico base 2013=100. Total,0700,Estados Unidos Mexicanos,Estados Unidos Mexicanos,2017/03,111.9035643502
6207061409,IGAE. Índice de volumen físico base 2013=100. Total,0700,Estados Unidos Mexicanos,Estados Unidos Mexicanos,2017/02,105.2826348326
6207061409,IGAE. Índice de volumen físico base 2013=100. Total,0700,Estados Unidos Mexicanos,Estados Unidos Mexicanos,2017/01,108.4191757279
6207061409,IGAE. Índice de volumen físico base 2013=100. Total,0700,Estados Unidos Mexicanos,Estados Unidos Mexicanos,2016/12,112.5090612681
6207061409,IGAE. Índice de volumen físico base 2013=100. Total,0700,Estados Unidos Mexicanos,Estados Unidos Mexicanos,2016/11,114.1452150736
6207061409,IGAE. Índice de volumen físico base 2013=100. Total,0700,Estados Unidos Mexicanos,Estados Unidos Mexicanos,2016/10,110.5642099982
6207061409,IGAE. Índice de volumen físico base 2013=100. Total,0700,Estados Unidos Mexicanos,Estados Unidos Mexicanos,2016/09,106.0607391682
6207061409,IGAE. Índice de volumen físico base 2013=100. Total,0700,Estados Unidos Mexicanos,Estados Unidos Mexicanos,2016/08,108.948567451
6207061409,IGAE. Índice de volumen físico base 2013=100. Total,0700,Estados Unidos Mexicanos,Estados Unidos Mexicanos,2016/07,107.5251038871
6207061409,IGAE. Índice de volumen físico base 2013=100. Total,0700,Estados Unidos Mexicanos,Estados Unidos Mexicanos,2016/06,109.9618137896
6207061409,IGAE. Índice de volumen físico base 2013=100. Total,0700,Estados Unidos Mexicanos,Estados Unidos Mexicanos,2016/05,109.0626469972
6207061409,IGAE. Índice de volumen físico base 2013=100. Total,0700,Estados Unidos Mexicanos,Estados Unidos Mexicanos,2016/04,107.2928377733
6207061409,IGAE. Índice de volumen físico base 2013=100. Total,0700,Estados Unidos Mexicanos,Estados Unidos Mexicanos,2016/03,105.9086718663
6207061409,IGAE. Índice de volumen físico base 2013=100. Total,0700,Estados Unidos Mexicanos,Estados Unidos Mexicanos,2016/02,104.5802841699
6207061409,IGAE. Índice de volumen físico base 2013=100. Total,0700,Estados Unidos Mexicanos,Estados Unidos Mexicanos,2016/01,104.41905109
6207061409,IGAE. Índice de volumen físico base 2013=100. Total,0700,Estados Unidos Mexicanos,Estados Unidos Mexicanos,2015/12,109.2631770477
6207061409,IGAE. Índice de volumen físico base 2013=100. Total,0700,Estados Unidos Mexicanos,Estados Unidos Mexicanos,2015/11,109.0992811139
6207061409,IGAE. Índice de volumen físico base 2013=100. Total,0700,Estados Unidos Mexicanos,Estados Unidos Mexicanos,2015/10,109.2946931963
6207061409,IGAE. Índice de volumen físico base 2013=100. Total,0700,Estados Unidos Mexicanos,Estados Unidos Mexicanos,2015/09,105.0228969667
6207061409,IGAE. Índice de volumen físico base 2013=100. Total,0700,Estados Unidos Mexicanos,Estados Unidos Mexicanos,2015/08,105.4826832344
6207061409,IGAE. Índice de volumen físico base 2013=100. Total,0700,Estados Unidos Mexicanos,Estados Unidos Mexicanos,2015/07,107.4600369485
6207061409,IGAE. Índice de volumen físico base 2013=100. Total,0700,Estados Unidos Mexicanos,Estados Unidos Mexicanos,2015/06,107.31701008
6207061409,IGAE. Índice de volumen físico base 2013=100. Total,0700,Estados Unidos Mexicanos,Estados Unidos Mexicanos,2015/05,106.1978657454
6207061409,IGAE. Índice de volumen físico base 2013=100. Total,0700,Estados Unidos Mexicanos,Estados Unidos Mexicanos,2015/04,103.6878263677
6207061409,IGAE. Índice de volumen físico base 2013=100. Total,0700,Estados Unidos Mexicanos,Estados Unidos Mexicanos,2015/03,104.9660190467
6207061409,IGAE. Índice de volumen físico base 2013=100. Total,0700,Estados Unidos Mexicanos,Estados Unidos Mexicanos,2015/02,99.8704650483
6207061409,IGAE. Índice de volumen físico base 2013=100. Total,0700,Estados Unidos Mexicanos,Estados Unidos Mexicanos,2015/01,102.3196926725
6207061409,IGAE. Índice de volumen físico base 2013=100. Total,0700,Estados Unidos Mexicanos,Estados Unidos Mexicanos,2014/12,106.8812901219
6207061409,IGAE. Índice de volumen físico base 2013=100. Total,0700,Estados Unidos Mexicanos,Estados Unidos Mexicanos,2014/11,106.4798048578
6207061409,IGAE. Índice de volumen físico base 2013=100. Total,0700,Estados Unidos Mexicanos,Estados Unidos Mexicanos,2014/10,106.8110507762
6207061409,IGAE. Índice de volumen físico base 2013=100. Total,0700,Estados Unidos Mexicanos,Estados Unidos Mexicanos,2014/09,100.015480168
6207061409,IGAE. Índice de volumen físico base 2013=100. Total,0700,Estados Unidos Mexicanos,Estados Unidos Mexicanos,2014/08,101.736245748
6207061409,IGAE. Índice de volumen físico base 2013=100. Total,0700,Estados Unidos Mexicanos,Estados Unidos Mexicanos,2014/07,104.1387045261
6207061409,IGAE. Índice de volumen físico base 2013=100. Total,0700,Estados Unidos Mexicanos,Estados Unidos Mexicanos,2014/06,102.8940513237
6207061409,IGAE. Índice de volumen físico base 2013=100. Total,0700,Estados Unidos Mexicanos,Estados Unidos Mexicanos,2014/05,104.8608549133
6207061409,IGAE. Índice de volumen físico base 2013=100. Total,0700,Estados Unidos Mexicanos,Estados Unidos Mexicanos,2014/04,100.3185795549
6207061409,IGAE. Índice de volumen físico base 2013=100. Total,0700,Estados Unidos Mexicanos,Estados Unidos Mexicanos,2014/03,101.4948685515
6207061409,IGAE. Índice de volumen físico base 2013=100. Total,0700,Estados Unidos Mexicanos,Estados Unidos Mexicanos,2014/02,96.9565686389
6207061409,IGAE. Índice de volumen físico base 2013=100. Total,0700,Estados Unidos Mexicanos,Estados Unidos Mexicanos,2014/01,98.7551661299
6207061409,IGAE. Índice de volumen físico base 2013=100. Total,0700,Estados Unidos Mexicanos,Estados Unidos Mexicanos,2013/12,102.8016025987
6207061409,IGAE. Índice de volumen físico base 2013=100. Total,0700,Estados Unidos Mexicanos,Estados Unidos Mexicanos,2013/11,104.2316795959
6207061409,IGAE. Índice de volumen físico base 2013=100. Total,0700,Estados Unidos Mexicanos,Estados Unidos Mexicanos,2013/10,103.6672025385
6207061409,IGAE. Índice de volumen físico base 2013=100. Total,0700,Estados Unidos Mexicanos,Estados Unidos Mexicanos,2013/09,96.8067532908
6207061409,IGAE. Índice de volumen físico base 2013=100. Total,0700,Estados Unidos Mexicanos,Estados Unidos Mexicanos,2013/08,100.2735696463
6207061409,IGAE. Índice de volumen físico base 2013=100. Total,0700,Estados Unidos Mexicanos,Estados Unidos Mexicanos,2013/07,100.8098181705
6207061409,IGAE. Índice de volumen físico base 2013=100. Total,0700,Estados Unidos Mexicanos,Estados Unidos Mexicanos,2013/06,99.5175338315
6207061409,IGAE. Índice de volumen físico base 2013=100. Total,0700,Estados Unidos Mexicanos,Estados Unidos Mexicanos,2013/05,102.2752779203
6207061409,IGAE. Índice de volumen físico base 2013=100. Total,0700,Estados Unidos Mexicanos,Estados Unidos Mexicanos,2013/04,99.9162120728
6207061409,IGAE. Índice de volumen físico base 2013=100. Total,0700,Estados Unidos Mexicanos,Estados Unidos Mexicanos,2013/03,97.0607792185
6207061409,IGAE. Índice de volumen físico base 2013=100. Total,0700,Estados Unidos Mexicanos,Estados Unidos Mexicanos,2013/02,94.6710013498
6207061409,IGAE. Índice de volumen físico base 2013=100. Total,0700,Estados Unidos Mexicanos,Estados Unidos Mexicanos,2013/01,97.9685697664
6207061409,IGAE. Índice de volumen físico base 2013=100. Total,0700,Estados Unidos Mexicanos,Estados Unidos Mexicanos,2012/12,100.5281610568
6207061409,IGAE. Índice de volumen físico base 2013=100. Total,0700,Estados Unidos Mexicanos,Estados Unidos Mexicanos,2012/11,104.3864838323
6207061409,IGAE. Índice de volumen físico base 2013=100. Total,0700,Estados Unidos Mexicanos,Estados Unidos Mexicanos,2012/10,101.8599081918
6207061409,IGAE. Índice de volumen físico base 2013=100. Total,0700,Estados Unidos Mexicanos,Estados Unidos Mexicanos,2012/09,95.1892432023
6207061409,IGAE. Índice de volumen físico base 2013=100. Total,0700,Estados Unidos Mexicanos,Estados Unidos Mexicanos,2012/08,99.0991742906
6207061409,IGAE. Índice de volumen físico base 2013=100. Total,0700,Estados Unidos Mexicanos,Estados Unidos Mexicanos,2012/07,99.3109087175
6207061409,IGAE. Índice de volumen físico base 2013=100. Total,0700,Estados Unidos Mexicanos,Estados Unidos Mexicanos,2012/06,99.6868439621
6207061409,IGAE. Índice de volumen físico base 2013=100. Total,0700,Estados Unidos Mexicanos,Estados Unidos Mexicanos,2012/05,100.3152516432
6207061409,IGAE. Índice de volumen físico base 2013=100. Total,0700,Estados Unidos Mexicanos,Estados Unidos Mexicanos,2012/04,95.4793185358
6207061409,IGAE. Índice de volumen físico base 2013=100. Total,0700,Estados Unidos Mexicanos,Estados Unidos Mexicanos,2012/03,99.0922230052
6207061409,IGAE. Índice de volumen físico base 2013=100. Total,0700,Estados Unidos Mexicanos,Estados Unidos Mexicanos,2012/02,94.0790349229
6207061409,IGAE. Índice de volumen físico base 2013=100. Total,0700,Estados Unidos Mexicanos,Estados Unidos Mexicanos,2012/01,94.6746292026
6207061409,IGAE. Índice de volumen físico base 2013=100. Total,0700,Estados Unidos Mexicanos,Estados Unidos Mexicanos,2011/12,98.8157467205
6207061409,IGAE. Índice de volumen físico base 2013=100. Total,0700,Estados Unidos Mexicanos,Estados Unidos Mexicanos,2011/11,101.082746751
6207061409,IGAE. Índice de volumen físico base 2013=100. Total,0700,Estados Unidos Mexicanos,Estados Unidos Mexicanos,2011/10,97.4377072098
6207061409,IGAE. Índice de volumen físico base 2013=100. Total,0700,Estados Unidos Mexicanos,Estados Unidos Mexicanos,2011/09,94.1021076284
6207061409,IGAE. Índice de volumen físico base 2013=100. Total,0700,Estados Unidos Mexicanos,Estados Unidos Mexicanos,2011/08,96.5390269304
6207061409,IGAE. Índice de volumen físico base 2013=100. Total,0700,Estados Unidos Mexicanos,Estados Unidos Mexicanos,2011/07,95.2179224947
6207061409,IGAE. Índice de volumen físico base 2013=100. Total,0700,Estados Unidos Mexicanos,Estados Unidos Mexicanos,2011/06,96.4883060924
6207061409,IGAE. Índice de volumen físico base 2013=100. Total,0700,Estados Unidos Mexicanos,Estados Unidos Mexicanos,2011/05,95.9463055179
6207061409,IGAE. Índice de volumen físico base 2013=100. Total,0700,Estados Unidos Mexicanos,Estados Unidos Mexicanos,2011/04,91.6000502
6207061409,IGAE. Índice de volumen físico base 2013=100. Total,0700,Estados Unidos Mexicanos,Estados Unidos Mexicanos,2011/03,95.8289871743
6207061409,IGAE. Índice de volumen físico base 2013=100. Total,0700,Estados Unidos Mexicanos,Estados Unidos Mexicanos,2011/02,88.568749154
6207061409,IGAE. Índice de volumen físico base 2013=100. Total,0700,Estados Unidos Mexicanos,Estados Unidos Mexicanos,2011/01,90.2054606573
6207061409,IGAE. Índice de volumen físico base 2013=100. Total,0700,Estados Unidos Mexicanos,Estados Unidos Mexicanos,2010/12,95.5959243626
6207061409,IGAE. Índice de volumen físico base 2013=100. Total,0700,Estados Unidos Mexicanos,Estados Unidos Mexicanos,2010/11,95.9693312247
6207061409,IGAE. Índice de volumen físico base 2013=100. Total,0700,Estados Unidos Mexicanos,Estados Unidos Mexicanos,2010/10,93.8452953499
6207061409,IGAE. Índice de volumen físico base 2013=100. Total,0700,Estados Unidos Mexicanos,Estados Unidos Mexicanos,2010/09,90.5565278325
6207061409,IGAE. Índice de volumen físico base 2013=100. Total,0700,Estados Unidos Mexicanos,Estados Unidos Mexicanos,2010/08,91.5621935052
6207061409,IGAE. Índice de volumen físico base 2013=100. Total,0700,Estados Unidos Mexicanos,Estados Unidos Mexicanos,2010/07,92.3286882248
6207061409,IGAE. Índice de volumen físico base 2013=100. Total,0700,Estados Unidos Mexicanos,Estados Unidos Mexicanos,2010/06,93.2310482696
6207061409,IGAE. Índice de volumen físico base 2013=100. Total,0700,Estados Unidos Mexicanos,Estados Unidos Mexicanos,2010/05,92.3000486585
6207061409,IGAE. Índice de volumen físico base 2013=100. Total,0700,Estados Unidos Mexicanos,Estados Unidos Mexicanos,2010/04,90.5818179428
6207061409,IGAE. Índice de volumen físico base 2013=100. Total,0700,Estados Unidos Mexicanos,Estados Unidos Mexicanos,2010/03,92.2922854305
6207061409,IGAE. Índice de volumen físico base 2013=100. Total,0700,Estados Unidos Mexicanos,Estados Unidos Mexicanos,2010/02,85.2271649293
6207061409,IGAE. Índice de volumen físico base 2013=100. Total,0700,Estados Unidos Mexicanos,Estados Unidos Mexicanos,2010/01,86.8670197705
6207061409,IGAE. Índice de volumen físico base 2013=100. Total,0700,Estados Unidos Mexicanos,Estados Unidos Mexicanos,2009/12,91.8563023162
6207061409,IGAE. Índice de volumen físico base 2013=100. Total,0700,Estados Unidos Mexicanos,Estados Unidos Mexicanos,2009/11,91.2491022883
6207061409,IGAE. Índice de volumen físico base 2013=100. Total,0700,Estados Unidos Mexicanos,Estados Unidos Mexicanos,2009/10,91.1205726242
6207061409,IGAE. Índice de volumen físico base 2013=100. Total,0700,Estados Unidos Mexicanos,Estados Unidos Mexicanos,2009/09,86.503779627
6207061409,IGAE. Índice de volumen físico base 2013=100. Total,0700,Estados Unidos Mexicanos,Estados Unidos Mexicanos,2009/08,86.5536036136
6207061409,IGAE. Índice de volumen físico base 2013=100. Total,0700,Estados Unidos Mexicanos,Estados Unidos Mexicanos,2009/07,88.7316924301
6207061409,IGAE. Índice de volumen físico base 2013=100. Total,0700,Estados Unidos Mexicanos,Estados Unidos Mexicanos,2009/06,88.1842645062
6207061409,IGAE. Índice de volumen físico base 2013=100. Total,0700,Estados Unidos Mexicanos,Estados Unidos Mexicanos,2009/05,86.0815893182
6207061409,IGAE. Índice de volumen físico base 2013=100. Total,0700,Estados Unidos Mexicanos,Estados Unidos Mexicanos,2009/04,84.3106676825
6207061409,IGAE. Índice de volumen físico base 2013=100. Total,0700,Estados Unidos Mexicanos,Estados Unidos Mexicanos,2009/03,86.8735518285
6207061409,IGAE. Índice de volumen físico base 2013=100. Total,0700,Estados Unidos Mexicanos,Estados Unidos Mexicanos,2009/02,81.8409845004
6207061409,IGAE. Índice de volumen físico base 2013=100. Total,0700,Estados Unidos Mexicanos,Estados Unidos Mexicanos,2009/01,84.8958766928
6207061409,IGAE. Índice de volumen físico base 2013=100. Total,0700,Estados Unidos Mexicanos,Estados Unidos Mexicanos,2008/12,91.895054552
6207061409,IGAE. Índice de volumen físico base 2013=100. Total,0700,Estados Unidos Mexicanos,Estados Unidos Mexicanos,2008/11,92.0426994399
6207061409,IGAE. Índice de volumen físico base 2013=100. Total,0700,Estados Unidos Mexicanos,Estados Unidos Mexicanos,2008/10,95.5068325606
6207061409,IGAE. Índice de volumen físico base 2013=100. Total,0700,Estados Unidos Mexicanos,Estados Unidos Mexicanos,2008/09,90.576509194
6207061409,IGAE. Índice de volumen físico base 2013=100. Total,0700,Estados Unidos Mexicanos,Estados Unidos Mexicanos,2008/08,91.4930926498
6207061409,IGAE. Índice de volumen físico base 2013=100. Total,0700,Estados Unidos Mexicanos,Estados Unidos Mexicanos,2008/07,94.1593071474
6207061409,IGAE. Índice de volumen físico base 2013=100. Total,0700,Estados Unidos Mexicanos,Estados Unidos Mexicanos,2008/06,94.4558826867
6207061409,IGAE. Índice de volumen físico base 2013=100. Total,0700,Estados Unidos Mexicanos,Estados Unidos Mexicanos,2008/05,94.864357426
6207061409,IGAE. Índice de volumen físico base 2013=100. Total,0700,Estados Unidos Mexicanos,Estados Unidos Mexicanos,2008/04,94.7153277754
6207061409,IGAE. Índice de volumen físico base 2013=100. Total,0700,Estados Unidos Mexicanos,Estados Unidos Mexicanos,2008/03,89.053256451
6207061409,IGAE. Índice de volumen físico base 2013=100. Total,0700,Estados Unidos Mexicanos,Estados Unidos Mexicanos,2008/02,88.9893330848
6207061409,IGAE. Índice de volumen físico base 2013=100. Total,0700,Estados Unidos Mexicanos,Estados Unidos Mexicanos,2008/01,90.9543475221
6207061409,IGAE. Índice de volumen físico base 2013=100. Total,0700,Estados Unidos Mexicanos,Estados Unidos Mexicanos,2007/12,92.4571986149
6207061409,IGAE. Índice de volumen físico base 2013=100. Total,0700,Estados Unidos Mexicanos,Estados Unidos Mexicanos,2007/11,93.8092593359
6207061409,IGAE. Índice de volumen físico base 2013=100. Total,0700,Estados Unidos Mexicanos,Estados Unidos Mexicanos,2007/10,95.2799902249
6207061409,IGAE. Índice de volumen físico base 2013=100. Total,0700,Estados Unidos Mexicanos,Estados Unidos Mexicanos,2007/09,89.4751786972
6207061409,IGAE. Índice de volumen físico base 2013=100. Total,0700,Estados Unidos Mexicanos,Estados Unidos Mexicanos,2007/08,92.2173272716
6207061409,IGAE. Índice de volumen físico base 2013=100. Total,0700,Estados Unidos Mexicanos,Estados Unidos Mexicanos,2007/07,91.411022019
6207061409,IGAE. Índice de volumen físico base 2013=100. Total,0700,Estados Unidos Mexicanos,Estados Unidos Mexicanos,2007/06,93.5345987755
6207061409,IGAE. Índice de volumen físico base 2013=100. Total,0700,Estados Unidos Mexicanos,Estados Unidos Mexicanos,2007/05,94.3223674941
6207061409,IGAE. Índice de volumen físico base 2013=100. Total,0700,Estados Unidos Mexicanos,Estados Unidos Mexicanos,2007/04,89.3206266489
6207061409,IGAE. Índice de volumen físico base 2013=100. Total,0700,Estados Unidos Mexicanos,Estados Unidos Mexicanos,2007/03,91.4220519012
6207061409,IGAE. Índice de volumen físico base 2013=100. Total,0700,Estados Unidos Mexicanos,Estados Unidos Mexicanos,2007/02,85.7682791303
6207061409,IGAE. Índice de volumen físico base 2013=100. Total,0700,Estados Unidos Mexicanos,Estados Unidos Mexicanos,2007/01,88.7772866613
6207061409,IGAE. Índice de volumen físico base 2013=100. Total,0700,Estados Unidos Mexicanos,Estados Unidos Mexicanos,2006/12,90.8613809801
6207061409,IGAE. Índice de volumen físico base 2013=100. Total,0700,Estados Unidos Mexicanos,Estados Unidos Mexicanos,2006/11,91.1451989818
6207061409,IGAE. Índice de volumen físico base 2013=100. Total,0700,Estados Unidos Mexicanos,Estados Unidos Mexicanos,2006/10,91.5974874012
6207061409,IGAE. Índice de volumen físico base 2013=100. Total,0700,Estados Unidos Mexicanos,Estados Unidos Mexicanos,2006/09,87.8690975305
6207061409,IGAE. Índice de volumen físico base 2013=100. Total,0700,Estados Unidos Mexicanos,Estados Unidos Mexicanos,2006/08,90.2461854932
6207061409,IGAE. Índice de volumen físico base 2013=100. Total,0700,Estados Unidos Mexicanos,Estados Unidos Mexicanos,2006/07,88.3588936654
6207061409,IGAE. Índice de volumen físico base 2013=100. Total,0700,Estados Unidos Mexicanos,Estados Unidos Mexicanos,2006/06,91.3686416419
6207061409,IGAE. Índice de volumen físico base 2013=100. Total,0700,Estados Unidos Mexicanos,Estados Unidos Mexicanos,2006/05,93.1393529873
6207061409,IGAE. Índice de volumen físico base 2013=100. Total,0700,Estados Unidos Mexicanos,Estados Unidos Mexicanos,2006/04,87.1025010908
6207061409,IGAE. Índice de volumen físico base 2013=100. Total,0700,Estados Unidos Mexicanos,Estados Unidos Mexicanos,2006/03,89.5400813128
6207061409,IGAE. Índice de volumen físico base 2013=100. Total,0700,Estados Unidos Mexicanos,Estados Unidos Mexicanos,2006/02,84.0829660491
6207061409,IGAE. Índice de volumen físico base 2013=100. Total,0700,Estados Unidos Mexicanos,Estados Unidos Mexicanos,2006/01,87.0455609591
6207061409,IGAE. Índice de volumen físico base 2013=100. Total,0700,Estados Unidos Mexicanos,Estados Unidos Mexicanos,2005/12,89.1510981856
6207061409,IGAE. Índice de volumen físico base 2013=100. Total,0700,Estados Unidos Mexicanos,Estados Unidos Mexicanos,2005/11,88.657324724
6207061409,IGAE. Índice de volumen físico base 2013=100. Total,0700,Estados Unidos Mexicanos,Estados Unidos Mexicanos,2005/10,86.8531033834
6207061409,IGAE. Índice de volumen físico base 2013=100. Total,0700,Estados Unidos Mexicanos,Estados Unidos Mexicanos,2005/09,84.6425595588
6207061409,IGAE. Índice de volumen físico base 2013=100. Total,0700,Estados Unidos Mexicanos,Estados Unidos Mexicanos,2005/08,86.4311991324
6207061409,IGAE. Índice de volumen físico base 2013=100. Total,0700,Estados Unidos Mexicanos,Estados Unidos Mexicanos,2005/07,83.7841997665
6207061409,IGAE. Índice de volumen físico base 2013=100. Total,0700,Estados Unidos Mexicanos,Estados Unidos Mexicanos,2005/06,86.3520874198
6207061409,IGAE. Índice de volumen físico base 2013=100. Total,0700,Estados Unidos Mexicanos,Estados Unidos Mexicanos,2005/05,87.8888911449
6207061409,IGAE. Índice de volumen físico base 2013=100. Total,0700,Estados Unidos Mexicanos,Estados Unidos Mexicanos,2005/04,86.5937284395
6207061409,IGAE. Índice de volumen físico base 2013=100. Total,0700,Estados Unidos Mexicanos,Estados Unidos Mexicanos,2005/03,83.6263954311
6207061409,IGAE. Índice de volumen físico base 2013=100. Total,0700,Estados Unidos Mexicanos,Estados Unidos Mexicanos,2005/02,80.8994202003
6207061409,IGAE. Índice de volumen físico base 2013=100. Total,0700,Estados Unidos Mexicanos,Estados Unidos Mexicanos,2005/01,82.2583702102
6207061409,IGAE. Índice de volumen físico base 2013=100. Total,0700,Estados Unidos Mexicanos,Estados Unidos Mexicanos,2004/12,86.2305672281
6207061409,IGAE. Índice de volumen físico base 2013=100. Total,0700,Estados Unidos Mexicanos,Estados Unidos Mexicanos,2004/11,85.9415397198
6207061409,IGAE. Índice de volumen físico base 2013=100. Total,0700,Estados Unidos Mexicanos,Estados Unidos Mexicanos,2004/10,84.3626848303
6207061409,IGAE. Índice de volumen físico base 2013=100. Total,0700,Estados Unidos Mexicanos,Estados Unidos Mexicanos,2004/09,82.1975085382
6207061409,IGAE. Índice de volumen físico base 2013=100. Total,0700,Estados Unidos Mexicanos,Estados Unidos Mexicanos,2004/08,83.1324397615
6207061409,IGAE. Índice de volumen físico base 2013=100. Total,0700,Estados Unidos Mexicanos,Estados Unidos Mexicanos,2004/07,82.9402339305
6207061409,IGAE. Índice de volumen físico base 2013=100. Total,0700,Estados Unidos Mexicanos,Estados Unidos Mexicanos,2004/06,85.6208725355
6207061409,IGAE. Índice de volumen físico base 2013=100. Total,0700,Estados Unidos Mexicanos,Estados Unidos Mexicanos,2004/05,85.2390495632
6207061409,IGAE. Índice de volumen físico base 2013=100. Total,0700,Estados Unidos Mexicanos,Estados Unidos Mexicanos,2004/04,82.9362250937
6207061409,IGAE. Índice de volumen físico base 2013=100. Total,0700,Estados Unidos Mexicanos,Estados Unidos Mexicanos,2004/03,84.927848566
6207061409,IGAE. Índice de volumen físico base 2013=100. Total,0700,Estados Unidos Mexicanos,Estados Unidos Mexicanos,2004/02,79.1938220919
6207061409,IGAE. Índice de volumen físico base 2013=100. Total,0700,Estados Unidos Mexicanos,Estados Unidos Mexicanos,2004/01,80.9300663979
6207061409,IGAE. Índice de volumen físico base 2013=100. Total,0700,Estados Unidos Mexicanos,Estados Unidos Mexicanos,2003/12,83.3303697702
6207061409,IGAE. Índice de volumen físico base 2013=100. Total,0700,Estados Unidos Mexicanos,Estados Unidos Mexicanos,2003/11,80.6345132914
6207061409,IGAE. Índice de volumen físico base 2013=100. Total,0700,Estados Unidos Mexicanos,Estados Unidos Mexicanos,2003/10,81.8791094448
6207061409,IGAE. Índice de volumen físico base 2013=100. Total,0700,Estados Unidos Mexicanos,Estados Unidos Mexicanos,2003/09,79.1887801539
6207061409,IGAE. Índice de volumen físico base 2013=100. Total,0700,Estados Unidos Mexicanos,Estados Unidos Mexicanos,2003/08,79.4199522308
6207061409,IGAE. Índice de volumen físico base 2013=100. Total,0700,Estados Unidos Mexicanos,Estados Unidos Mexicanos,2003/07,80.9357011629
6207061409,IGAE. Índice de volumen físico base 2013=100. Total,0700,Estados Unidos Mexicanos,Estados Unidos Mexicanos,2003/06,81.4433698232
6207061409,IGAE. Índice de volumen físico base 2013=100. Total,0700,Estados Unidos Mexicanos,Estados Unidos Mexicanos,2003/05,82.2884185148
6207061409,IGAE. Índice de volumen físico base 2013=100. Total,0700,Estados Unidos Mexicanos,Estados Unidos Mexicanos,2003/04,79.9509284977
6207061409,IGAE. Índice de volumen físico base 2013=100. Total,0700,Estados Unidos Mexicanos,Estados Unidos Mexicanos,2003/03,80.3397554571
6207061409,IGAE. Índice de volumen físico base 2013=100. Total,0700,Estados Unidos Mexicanos,Estados Unidos Mexicanos,2003/02,77.1755052201
6207061409,IGAE. Índice de volumen físico base 2013=100. Total,0700,Estados Unidos Mexicanos,Estados Unidos Mexicanos,2003/01,79.2723888575
6207061409,IGAE. Índice de volumen físico base 2013=100. Total,0700,Estados Unidos Mexicanos,Estados Unidos Mexicanos,2002/12,80.4905067625
6207061409,IGAE. Índice de volumen físico base 2013=100. Total,0700,Estados Unidos Mexicanos,Estados Unidos Mexicanos,2002/11,80.095182105
6207061409,IGAE. Índice de volumen físico base 2013=100. Total,0700,Estados Unidos Mexicanos,Estados Unidos Mexicanos,2002/10,81.6077386069
6207061409,IGAE. Índice de volumen físico base 2013=100. Total,0700,Estados Unidos Mexicanos,Estados Unidos Mexicanos,2002/09,78.3801796406
6207061409,IGAE. Índice de volumen físico base 2013=100. Total,0700,Estados Unidos Mexicanos,Estados Unidos Mexicanos,2002/08,80.305760518
6207061409,IGAE. Índice de volumen físico base 2013=100. Total,0700,Estados Unidos Mexicanos,Estados Unidos Mexicanos,2002/07,79.9271836867
6207061409,IGAE. Índice de volumen físico base 2013=100. Total,0700,Estados Unidos Mexicanos,Estados Unidos Mexicanos,2002/06,79.7212702042
6207061409,IGAE. Índice de volumen físico base 2013=100. Total,0700,Estados Unidos Mexicanos,Estados Unidos Mexicanos,2002/05,82.0699418785
6207061409,IGAE. Índice de volumen físico base 2013=100. Total,0700,Estados Unidos Mexicanos,Estados Unidos Mexicanos,2002/04,80.8302351088
6207061409,IGAE. Índice de volumen físico base 2013=100. Total,0700,Estados Unidos Mexicanos,Estados Unidos Mexicanos,2002/03,77.1222724473
6207061409,IGAE. Índice de volumen físico base 2013=100. Total,0700,Estados Unidos Mexicanos,Estados Unidos Mexicanos,2002/02,75.1093153479
6207061409,IGAE. Índice de volumen físico base 2013=100. Total,0700,Estados Unidos Mexicanos,Estados Unidos Mexicanos,2002/01,77.3862850601
6207061409,IGAE. Índice de volumen físico base 2013=100. Total,0700,Estados Unidos Mexicanos,Estados Unidos Mexicanos,2001/12,79.0924690564
6207061409,IGAE. Índice de volumen físico base 2013=100. Total,0700,Estados Unidos Mexicanos,Estados Unidos Mexicanos,2001/11,80.0938992833
6207061409,IGAE. Índice de volumen físico base 2013=100. Total,0700,Estados Unidos Mexicanos,Estados Unidos Mexicanos,2001/10,79.9735516193
6207061409,IGAE. Índice de volumen físico base 2013=100. Total,0700,Estados Unidos Mexicanos,Estados Unidos Mexicanos,2001/09,78.2695730391
6207061409,IGAE. Índice de volumen físico base 2013=100. Total,0700,Estados Unidos Mexicanos,Estados Unidos Mexicanos,2001/08,80.5870320979
6207061409,IGAE. Índice de volumen físico base 2013=100. Total,0700,Estados Unidos Mexicanos,Estados Unidos Mexicanos,2001/07,79.32531293
6207061409,IGAE. Índice de volumen físico base 2013=100. Total,0700,Estados Unidos Mexicanos,Estados Unidos Mexicanos,2001/06,80.6070076274
6207061409,IGAE. Índice de volumen físico base 2013=100. Total,0700,Estados Unidos Mexicanos,Estados Unidos Mexicanos,2001/05,81.7840886163
6207061409,IGAE. Índice de volumen físico base 2013=100. Total,0700,Estados Unidos Mexicanos,Estados Unidos Mexicanos,2001/04,77.5311546825
6207061409,IGAE. Índice de volumen físico base 2013=100. Total,0700,Estados Unidos Mexicanos,Estados Unidos Mexicanos,2001/03,80.7678739465
6207061409,IGAE. Índice de volumen físico base 2013=100. Total,0700,Estados Unidos Mexicanos,Estados Unidos Mexicanos,2001/02,76.4192579678
6207061409,IGAE. Índice de volumen físico base 2013=100. Total,0700,Estados Unidos Mexicanos,Estados Unidos Mexicanos,2001/01,79.4234580026
6207061409,IGAE. Índice de volumen físico base 2013=100. Total,0700,Estados Unidos Mexicanos,Estados Unidos Mexicanos,2000/12,79.4983013926
6207061409,IGAE. Índice de volumen físico base 2013=100. Total,0700,Estados Unidos Mexicanos,Estados Unidos Mexicanos,2000/11,80.916185699
6207061409,IGAE. Índice de volumen físico base 2013=100. Total,0700,Estados Unidos Mexicanos,Estados Unidos Mexicanos,2000/10,80.8095844015
6207061409,IGAE. Índice de volumen físico base 2013=100. Total,0700,Estados Unidos Mexicanos,Estados Unidos Mexicanos,2000/09,80.1648725538
6207061409,IGAE. Índice de volumen físico base 2013=100. Total,0700,Estados Unidos Mexicanos,Estados Unidos Mexicanos,2000/08,81.1907409729
6207061409,IGAE. Índice de volumen físico base 2013=100. Total,0700,Estados Unidos Mexicanos,Estados Unidos Mexicanos,2000/07,79.629725583
6207061409,IGAE. Índice de volumen físico base 2013=100. Total,0700,Estados Unidos Mexicanos,Estados Unidos Mexicanos,2000/06,81.541544916
6207061409,IGAE. Índice de volumen físico base 2013=100. Total,0700,Estados Unidos Mexicanos,Estados Unidos Mexicanos,2000/05,82.3433051272
6207061409,IGAE. Índice de volumen físico base 2013=100. Total,0700,Estados Unidos Mexicanos,Estados Unidos Mexicanos,2000/04,77.0075638185
6207061409,IGAE. Índice de volumen físico base 2013=100. Total,0700,Estados Unidos Mexicanos,Estados Unidos Mexicanos,2000/03,80.3579501356
6207061409,IGAE. Índice de volumen físico base 2013=100. Total,0700,Estados Unidos Mexicanos,Estados Unidos Mexicanos,2000/02,77.3673161378
6207061409,IGAE. Índice de volumen físico base 2013=100. Total,0700,Estados Unidos Mexicanos,Estados Unidos Mexicanos,2000/01,77.9300288931
6207061409,IGAE. Índice de volumen físico base 2013=100. Total,0700,Estados Unidos Mexicanos,Estados Unidos Mexicanos,1999/12,78.0534684368
6207061409,IGAE. Índice de volumen físico base 2013=100. Total,0700,Estados Unidos Mexicanos,Estados Unidos Mexicanos,1999/11,77.6701319948
6207061409,IGAE. Índice de volumen físico base 2013=100. Total,0700,Estados Unidos Mexicanos,Estados Unidos Mexicanos,1999/10,76.4546543996
6207061409,IGAE. Índice de volumen físico base 2013=100. Total,0700,Estados Unidos Mexicanos,Estados Unidos Mexicanos,1999/09,76.2477526799
6207061409,IGAE. Índice de volumen físico base 2013=100. Total,0700,Estados Unidos Mexicanos,Estados Unidos Mexicanos,1999/08,75.6700137854
6207061409,IGAE. Índice de volumen físico base 2013=100. Total,0700,Estados Unidos Mexicanos,Estados Unidos Mexicanos,1999/07,76.3126248413
6207061409,IGAE. Índice de volumen físico base 2013=100. Total,0700,Estados Unidos Mexicanos,Estados Unidos Mexicanos,1999/06,76.5567451361
6207061409,IGAE. Índice de volumen físico base 2013=100. Total,0700,Estados Unidos Mexicanos,Estados Unidos Mexicanos,1999/05,76.9230415426
6207061409,IGAE. Índice de volumen físico base 2013=100. Total,0700,Estados Unidos Mexicanos,Estados Unidos Mexicanos,1999/04,74.3292274761
6207061409,IGAE. Índice de volumen físico base 2013=100. Total,0700,Estados Unidos Mexicanos,Estados Unidos Mexicanos,1999/03,76.9921085454
6207061409,IGAE. Índice de volumen físico base 2013=100. Total,0700,Estados Unidos Mexicanos,Estados Unidos Mexicanos,1999/02,72.7094015887
6207061409,IGAE. Índice de volumen físico base 2013=100. Total,0700,Estados Unidos Mexicanos,Estados Unidos Mexicanos,1999/01,74.2838069583
6207061409,IGAE. Índice de volumen físico base 2013=100. Total,0700,Estados Unidos Mexicanos,Estados Unidos Mexicanos,1998/12,75.6773518216
6207061409,IGAE. Índice de volumen físico base 2013=100. Total,0700,Estados Unidos Mexicanos,Estados Unidos Mexicanos,1998/11,74.4434402271
6207061409,IGAE. Índice de volumen físico base 2013=100. Total,0700,Estados Unidos Mexicanos,Estados Unidos Mexicanos,1998/10,74.4641798715
6207061409,IGAE. Índice de volumen físico base 2013=100. Total,0700,Estados Unidos Mexicanos,Estados Unidos Mexicanos,1998/09,73.7673171292
6207061409,IGAE. Índice de volumen físico base 2013=100. Total,0700,Estados Unidos Mexicanos,Estados Unidos Mexicanos,1998/08,73.4792497967
6207061409,IGAE. Índice de volumen físico base 2013=100. Total,0700,Estados Unidos Mexicanos,Estados Unidos Mexicanos,1998/07,74.614461876
6207061409,IGAE. Índice de volumen físico base 2013=100. Total,0700,Estados Unidos Mexicanos,Estados Unidos Mexicanos,1998/06,74.6451873903
6207061409,IGAE. Índice de volumen físico base 2013=100. Total,0700,Estados Unidos Mexicanos,Estados Unidos Mexicanos,1998/05,75.1380150684
6207061409,IGAE. Índice de volumen físico base 2013=100. Total,0700,Estados Unidos Mexicanos,Estados Unidos Mexicanos,1998/04,72.9523756679
6207061409,IGAE. Índice de volumen físico base 2013=100. Total,0700,Estados Unidos Mexicanos,Estados Unidos Mexicanos,1998/03,75.3075129594
6207061409,IGAE. Índice de volumen físico base 2013=100. Total,0700,Estados Unidos Mexicanos,Estados Unidos Mexicanos,1998/02,71.2676398212
6207061409,IGAE. Índice de volumen físico base 2013=100. Total,0700,Estados Unidos Mexicanos,Estados Unidos Mexicanos,1998/01,72.2812502473
6207061409,IGAE. Índice de volumen físico base 2013=100. Total,0700,Estados Unidos Mexicanos,Estados Unidos Mexicanos,1997/12,73.7804386824
6207061409,IGAE. Índice de volumen físico base 2013=100. Total,0700,Estados Unidos Mexicanos,Estados Unidos Mexicanos,1997/11,72.7578924892
6207061409,IGAE. Índice de volumen físico base 2013=100. Total,0700,Estados Unidos Mexicanos,Estados Unidos Mexicanos,1997/10,73.2372785539
6207061409,IGAE. Índice de volumen físico base 2013=100. Total,0700,Estados Unidos Mexicanos,Estados Unidos Mexicanos,1997/09,70.7515847643
6207061409,IGAE. Índice de volumen físico base 2013=100. Total,0700,Estados Unidos Mexicanos,Estados Unidos Mexicanos,1997/08,70.0284505445
6207061409,IGAE. Índice de volumen físico base 2013=100. Total,0700,Estados Unidos Mexicanos,Estados Unidos Mexicanos,1997/07,70.4839014465
6207061409,IGAE. Índice de volumen físico base 2013=100. Total,0700,Estados Unidos Mexicanos,Estados Unidos Mexicanos,1997/06,70.7175744234
6207061409,IGAE. Índice de volumen físico base 2013=100. Total,0700,Estados Unidos Mexicanos,Estados Unidos Mexicanos,1997/05,71.2536316078
6207061409,IGAE. Índice de volumen físico base 2013=100. Total,0700,Estados Unidos Mexicanos,Estados Unidos Mexicanos,1997/04,70.1893874635
6207061409,IGAE. Índice de volumen físico base 2013=100. Total,0700,Estados Unidos Mexicanos,Estados Unidos Mexicanos,1997/03,67.08871365
6207061409,IGAE. Índice de volumen físico base 2013=100. Total,0700,Estados Unidos Mexicanos,Estados Unidos Mexicanos,1997/02,66.0157188431
6207061409,IGAE. Índice de volumen físico base 2013=100. Total,0700,Estados Unidos Mexicanos,Estados Unidos Mexicanos,1997/01,67.9222640397
6207061409,IGAE. Índice de volumen físico base 2013=100. Total,0700,Estados Unidos Mexicanos,Estados Unidos Mexicanos,1996/12,69.2684510405
6207061409,IGAE. Índice de volumen físico base 2013=100. Total,0700,Estados Unidos Mexicanos,Estados Unidos Mexicanos,1996/11,68.5590415577
6207061409,IGAE. Índice de volumen físico base 2013=100. Total,0700,Estados Unidos Mexicanos,Estados Unidos Mexicanos,1996/10,67.8246393297
6207061409,IGAE. Índice de volumen físico base 2013=100. Total,0700,Estados Unidos Mexicanos,Estados Unidos Mexicanos,1996/09,65.0377449347
6207061409,IGAE. Índice de volumen físico base 2013=100. Total,0700,Estados Unidos Mexicanos,Estados Unidos Mexicanos,1996/08,65.3645733945
6207061409,IGAE. Índice de volumen físico base 2013=100. Total,0700,Estados Unidos Mexicanos,Estados Unidos Mexicanos,1996/07,65.9122307115
6207061409,IGAE. Índice de volumen físico base 2013=100. Total,0700,Estados Unidos Mexicanos,Estados Unidos Mexicanos,1996/06,65.5781667234
6207061409,IGAE. Índice de volumen físico base 2013=100. Total,0700,Estados Unidos Mexicanos,Estados Unidos Mexicanos,1996/05,66.5689589083
6207061409,IGAE. Índice de volumen físico base 2013=100. Total,0700,Estados Unidos Mexicanos,Estados Unidos Mexicanos,1996/04,63.8220199004
6207061409,IGAE. Índice de volumen físico base 2013=100. Total,0700,Estados Unidos Mexicanos,Estados Unidos Mexicanos,1996/03,65.0043544205
6207061409,IGAE. Índice de volumen físico base 2013=100. Total,0700,Estados Unidos Mexicanos,Estados Unidos Mexicanos,1996/02,63.2503336641
6207061409,IGAE. Índice de volumen físico base 2013=100. Total,0700,Estados Unidos Mexicanos,Estados Unidos Mexicanos,1996/01,64.5973591162
6207061409,IGAE. Índice de volumen físico base 2013=100. Total,0700,Estados Unidos Mexicanos,Estados Unidos Mexicanos,1995/12,65.4134589233
6207061409,IGAE. Índice de volumen físico base 2013=100. Total,0700,Estados Unidos Mexicanos,Estados Unidos Mexicanos,1995/11,63.0601993013
6207061409,IGAE. Índice de volumen físico base 2013=100. Total,0700,Estados Unidos Mexicanos,Estados Unidos Mexicanos,1995/10,60.2182432936
6207061409,IGAE. Índice de volumen físico base 2013=100. Total,0700,Estados Unidos Mexicanos,Estados Unidos Mexicanos,1995/09,60.8477198837
6207061409,IGAE. Índice de volumen físico base 2013=100. Total,0700,Estados Unidos Mexicanos,Estados Unidos Mexicanos,1995/08,61.0682042755
6207061409,IGAE. Índice de volumen físico base 2013=100. Total,0700,Estados Unidos Mexicanos,Estados Unidos Mexicanos,1995/07,59.7791696175
6207061409,IGAE. Índice de volumen físico base 2013=100. Total,0700,Estados Unidos Mexicanos,Estados Unidos Mexicanos,1995/06,61.0823415749
6207061409,IGAE. Índice de volumen físico base 2013=100. Total,0700,Estados Unidos Mexicanos,Estados Unidos Mexicanos,1995/05,61.1767744021
6207061409,IGAE. Índice de volumen físico base 2013=100. Total,0700,Estados Unidos Mexicanos,Estados Unidos Mexicanos,1995/04,59.2390870967
6207061409,IGAE. Índice de volumen físico base 2013=100. Total,0700,Estados Unidos Mexicanos,Estados Unidos Mexicanos,1995/03,62.9298652808
6207061409,IGAE. Índice de volumen físico base 2013=100. Total,0700,Estados Unidos Mexicanos,Estados Unidos Mexicanos,1995/02,60.2941896882
6207061409,IGAE. Índice de volumen físico base 2013=100. Total,0700,Estados Unidos Mexicanos,Estados Unidos Mexicanos,1995/01,65.1023361029
6207061409,IGAE. Índice de volumen físico base 2013=100. Total,0700,Estados Unidos Mexicanos,Estados Unidos Mexicanos,1994/12,68.0674403804
6207061409,IGAE. Índice de volumen físico base 2013=100. Total,0700,Estados Unidos Mexicanos,Estados Unidos Mexicanos,1994/11,67.8468740347
6207061409,IGAE. Índice de volumen físico base 2013=100. Total,0700,Estados Unidos Mexicanos,Estados Unidos Mexicanos,1994/10,66.7306848081
6207061409,IGAE. Índice de volumen físico base 2013=100. Total,0700,Estados Unidos Mexicanos,Estados Unidos Mexicanos,1994/09,65.7647744787
6207061409,IGAE. Índice de volumen físico base 2013=100. Total,0700,Estados Unidos Mexicanos,Estados Unidos Mexicanos,1994/08,65.7963434574
6207061409,IGAE. Índice de volumen físico base 2013=100. Total,0700,Estados Unidos Mexicanos,Estados Unidos Mexicanos,1994/07,64.702062241
6207061409,IGAE. Índice de volumen físico base 2013=100. Total,0700,Estados Unidos Mexicanos,Estados Unidos Mexicanos,1994/06,66.6357909092
6207061409,IGAE. Índice de volumen físico base 2013=100. Total,0700,Estados Unidos Mexicanos,Estados Unidos Mexicanos,1994/05,66.858802303
6207061409,IGAE. Índice de volumen físico base 2013=100. Total,0700,Estados Unidos Mexicanos,Estados Unidos Mexicanos,1994/04,65.8917161061
6207061409,IGAE. Índice de volumen físico base 2013=100. Total,0700,Estados Unidos Mexicanos,Estados Unidos Mexicanos,1994/03,65.7902745746
6207061409,IGAE. Índice de volumen físico base 2013=100. Total,0700,Estados Unidos Mexicanos,Estados Unidos Mexicanos,1994/02,62.733155894
6207061409,IGAE. Índice de volumen físico base 2013=100. Total,0700,Estados Unidos Mexicanos,Estados Unidos Mexicanos,1994/01,63.0292680958
6207061409,IGAE. Índice de volumen físico base 2013=100. Total,0700,Estados Unidos Mexicanos,Estados Unidos Mexicanos,1993/12,66.1211926738
6207061409,IGAE. Índice de volumen físico base 2013=100. Total,0700,Estados Unidos Mexicanos,Estados Unidos Mexicanos,1993/11,63.6217709008
6207061409,IGAE. Índice de volumen físico base 2013=100. Total,0700,Estados Unidos Mexicanos,Estados Unidos Mexicanos,1993/10,62.8348011177
6207061409,IGAE. Índice de volumen físico base 2013=100. Total,0700,Estados Unidos Mexicanos,Estados Unidos Mexicanos,1993/09,62.0183368658
6207061409,IGAE. Índice de volumen físico base 2013=100. Total,0700,Estados Unidos Mexicanos,Estados Unidos Mexicanos,1993/08,62.0278863088
6207061409,IGAE. Índice de volumen físico base 2013=100. Total,0700,Estados Unidos Mexicanos,Estados Unidos Mexicanos,1993/07,62.7979533586
6207061409,IGAE. Índice de volumen físico base 2013=100. Total,0700,Estados Unidos Mexicanos,Estados Unidos Mexicanos,1993/06,62.882587375
6207061409,IGAE. Índice de volumen físico base 2013=100. Total,0700,Estados Unidos Mexicanos,Estados Unidos Mexicanos,1993/05,63.6128997268
6207061409,IGAE. Índice de volumen físico base 2013=100. Total,0700,Estados Unidos Mexicanos,Estados Unidos Mexicanos,1993/04,61.8659839625
6207061409,IGAE. Índice de volumen físico base 2013=100. Total,0700,Estados Unidos Mexicanos,Estados Unidos Mexicanos,1993/03,63.9432493558
6207061409,IGAE. Índice de volumen físico base 2013=100. Total,0700,Estados Unidos Mexicanos,Estados Unidos Mexicanos,1993/02,61.0225210579
6207061409,IGAE. Índice de volumen físico base 2013=100. Total,0700,Estados Unidos Mexicanos,Estados Unidos Mexicanos,1993/01,60.4076908612
